{
    "models": {
        "arbitraryMagField": {
            "interpolationOrder": 1,
            "longitudinalPosition": 0,
            "magneticFile": "ivu21_srx_g6_2c.dat"
        },
        "beamline": [
            {
                "horizontalOffset": 0,
                "horizontalSize": 25,
                "id": 11,
                "position": 10,
                "shape": "r",
                "title": "Aperture",
                "type": "aperture",
                "verticalOffset": 0,
                "verticalSize": 4
            },
            {
                "autocomputeVectors": "vertical",
                "grazingAngle": 6.8,
                "heightAmplification": 1,
                "heightProfileFile": "",
                "horizontalOffset": 0,
                "id": 13,
                "normalVectorX": 0,
                "normalVectorY": 0.9999768800890889,
                "normalVectorZ": -0.006799947594787827,
                "orientation": "y",
                "position": 11,
                "radius": 2700,
                "sagittalSize": 80,
                "tangentialSize": 813,
                "tangentialVectorX": 0,
                "tangentialVectorY": 0.006799947594787827,
                "title": "CM",
                "type": "sphericalMirror",
                "verticalOffset": 0
            },
            {
                "grazingAngle": 6.8,
                "heightAmplification": 1,
                "heightProfileFile": "mirror_1d.dat",
                "horizontalTransverseSize": 50,
                "id": 3,
                "orientation": "y",
                "position": 12.3,
                "title": "M2",
                "type": "mirror",
                "verticalTransverseSize": 1
            },
            {
                "asymmetryAngle": 0,
                "crystalThickness": 0.003,
                "dSpacing": 3.1355713563754857,
                "diffractionAngle": "0",
                "energy": 2500,
                "grazingAngle": 912.3126255115334,
                "h": "1",
                "heightAmplification": 1,
                "heightProfileFile": "",
                "id": 4,
                "k": "1",
                "l": "1",
                "material": "Si (SRW)",
                "nvx": 0,
                "nvy": 0.6119182833983884,
                "nvz": -0.7909209912771121,
                "orientation": "y",
                "outframevx": 1,
                "outframevy": 0,
                "outoptvx": 0,
                "outoptvy": 0.9679580305720843,
                "outoptvz": -0.25111202888553913,
                "position": 25,
                "psi0i": 2.8733167819721347e-05,
                "psi0r": -0.00015133473800612508,
                "psiHBi": 2.006074060738366e-05,
                "psiHBr": -7.912710547916795e-05,
                "psiHi": 2.006074060738366e-05,
                "psiHr": -7.912710547916795e-05,
                "rotationAngle": 0,
                "title": "Mono Crystal 1",
                "tvx": 0,
                "tvy": 0.7909209912771121,
                "type": "crystal",
                "useCase": "1"
            },
            {
                "asymmetryAngle": 0,
                "crystalThickness": 3,
                "dSpacing": 3.1355713563754857,
                "diffractionAngle": "3.14159265",
                "energy": 2500,
                "grazingAngle": 912.3126255115334,
                "h": "1",
                "heightAmplification": 1,
                "heightProfileFile": "",
                "id": 5,
                "k": "1",
                "l": "1",
                "material": "Si (SRW)",
                "nvx": -2.196659988576179e-09,
                "nvy": -0.6119182833983884,
                "nvz": -0.7909209912771121,
                "orientation": "y",
                "outframevx": 1,
                "outframevy": -4.491233240844306e-09,
                "outoptvx": -3.4747689913268823e-09,
                "outoptvy": -0.9679580305720843,
                "outoptvz": -0.25111202888553913,
                "position": 25,
                "psi0i": 2.8733167819721347e-05,
                "psi0r": -0.00015133473800612508,
                "psiHBi": 2.006074060738366e-05,
                "psiHBr": -7.912710547916795e-05,
                "psiHi": 2.006074060738366e-05,
                "psiHr": -7.912710547916795e-05,
                "rotationAngle": 0,
                "title": "Mono Crystal 2",
                "tvx": -2.8392426616419954e-09,
                "tvy": -0.7909209912771121,
                "type": "crystal",
                "useCase": "1"
            },
            {
                "apertureShape": "r",
                "autocomputeVectors": "vertical",
                "grazingAngle": 7,
                "heightAmplification": 1,
                "heightProfileFile": "",
                "horizontalPosition": 0,
                "id": 6,
                "normalVectorX": 0,
                "normalVectorY": 0.9999755001000415,
                "normalVectorZ": -0.006999942833473391,
                "orientation": "y",
                "position": 26.57,
                "sagittalRadius": 0.186,
                "sagittalSize": 0.08,
                "tangentialRadius": 24500,
                "tangentialSize": 0.96,
                "tangentialVectorX": 0,
                "tangentialVectorY": 0.006999942833473391,
                "title": "Toroid",
                "type": "toroidalMirror",
                "verticalPosition": 0
            },
            {
                "horizontalOffset": 0,
                "horizontalSize": 0.2,
                "id": 14,
                "position": 53.142,
                "shape": "r",
                "title": "SSA",
                "type": "aperture",
                "verticalOffset": 0,
                "verticalSize": 0.2
            },
            {
                "id": 16,
                "position": 53.142,
                "title": "W8",
                "type": "watch"
            },
            {
                "autocomputeVectors": "horizontal",
                "firstFocusLength": 3.573,
                "focalLength": 0.427,
                "grazingAngle": 3.6,
                "heightAmplification": 1,
                "heightProfileFile": "",
                "horizontalOffset": 0,
                "id": 8,
                "normalVectorX": 0.9999935200069984,
                "normalVectorY": 0,
                "normalVectorZ": -0.0035999922240050387,
                "orientation": "x",
                "position": 56.715,
                "sagittalSize": 0.02,
                "tangentialSize": 0.32,
                "tangentialVectorX": -0.0035999922240050387,
                "tangentialVectorY": 0,
                "title": "KBH",
                "type": "ellipsoidMirror",
                "verticalOffset": 0
            },
            {
                "autocomputeVectors": "horizontal",
                "firstFocusLength": 3.83,
                "focalLength": 0.17,
                "grazingAngle": 3.6,
                "heightAmplification": 1,
                "heightProfileFile": "",
                "horizontalOffset": 0,
                "id": 9,
                "normalVectorX": 0.9999935200069984,
                "normalVectorY": 0,
                "normalVectorZ": -0.0035999922240050387,
                "orientation": "x",
                "position": 56.972,
                "sagittalSize": 0.02,
                "tangentialSize": 0.18,
                "tangentialVectorX": -0.0035999922240050387,
                "tangentialVectorY": 0,
                "title": "KBV",
                "type": "ellipsoidMirror",
                "verticalOffset": 0
            },
            {
                "id": 15,
                "position": 57.142,
                "title": "W9",
                "type": "watch"
            }
        ],
        "beamline3DReport": {
            "condenseBeamline": "1",
            "includeSource": "1",
            "projection": "parallel",
            "showLabels": "1",
            "showPosition": "1"
        },
        "beamlineAnimation0": {
            "_super": "_INTENSITY_REPORT",
            "aspectRatio": "1",
            "characteristic": 0,
            "colorMap": "grayscale",
            "copyCharacteristic": "0",
            "horizontalOffset": 0,
            "horizontalSize": 20,
            "intensityPlotsWidth": "0",
            "maxIntensityLimit": 866043559936,
            "minIntensityLimit": 335347712000,
            "notes": "",
            "plotScale": "linear",
            "polarization": 6,
            "precision": 0.01,
            "rotateAngle": 0,
            "rotateReshape": "1",
            "useIntensityLimits": "0",
            "usePlotRange": "0",
            "verticalOffset": -2.1684043449710089e-16,
            "verticalSize": 2.9999999999999996
        },
        "beamlineAnimation15": {
            "_super": "_INTENSITY_REPORT",
            "aspectRatio": "1",
            "characteristic": 0,
            "colorMap": "grayscale",
            "copyCharacteristic": "0",
            "fieldUnits": 1,
            "horizontalOffset": -0.010686666351726604,
            "horizontalSize": 27.49833330696589,
            "intensityPlotsScale": "linear",
            "intensityPlotsWidth": "0",
            "maxIntensityLimit": 101973504294912,
            "minIntensityLimit": 1.4486932542467912e-08,
            "notes": "",
            "plotScale": "linear",
            "polarization": 6,
            "precision": 0.01,
            "rotateAngle": 0,
            "rotateReshape": "1",
            "useIntensityLimits": "0",
            "usePlotRange": "0",
            "verticalOffset": 0.0024544383403240404,
            "verticalSize": 1.6150204279331715
        },
        "beamlineAnimation16": {
            "_super": "_INTENSITY_REPORT",
            "aspectRatio": "1",
            "characteristic": 0,
            "colorMap": "grayscale",
            "copyCharacteristic": "0",
            "fieldUnits": 1,
            "horizontalOffset": 0.012420863680959453,
            "horizontalSize": 0.4814138757223422,
            "intensityPlotsScale": "linear",
            "intensityPlotsWidth": "0",
            "maxIntensityLimit": 3861947619475456,
            "minIntensityLimit": 0,
            "notes": "",
            "plotScale": "linear",
            "polarization": 6,
            "precision": 0.01,
            "rotateAngle": 0,
            "rotateReshape": "1",
            "useIntensityLimits": "0",
            "usePlotRange": "0",
            "verticalOffset": -0.0008803255525862233,
            "verticalSize": 0.5792542136017271
        },
        "brillianceReport": {
            "brightnessComponent": "k-tuning",
            "detuning": 0,
            "energyDelta": 10,
            "energyPointCount": 100,
            "finalHarmonic": 5,
            "harmonic": "5",
            "initialHarmonic": 1,
            "minDeflection": 0.2,
            "notes": "",
            "plotScale": "linear",
            "reportType": "0"
        },
        "coherenceXAnimation": {
            "aspectRatio": "1",
            "colorMap": "grayscale",
            "intensityPlotsWidth": "0",
            "plotScale": "linear"
        },
        "coherenceYAnimation": {
            "aspectRatio": "1",
            "colorMap": "grayscale",
            "intensityPlotsWidth": "0",
            "plotScale": "linear"
        },
        "electronBeam": {
            "beamDefinition": "t",
            "beamSelector": "NSLS-II BM Final",
            "current": 0.5,
            "energy": 3,
            "energyDeviation": 0,
            "horizontalAlpha": 0,
            "horizontalBeta": 1.5,
            "horizontalDispersion": 0.137,
            "horizontalDispersionDerivative": -0.1,
            "horizontalEmittance": 0.55,
            "isReadOnly": true,
            "name": "NSLS-II BM Final",
            "rmsDivergX": 91.03662267,
            "rmsDivergY": 0.80221914,
            "rmsSizeX": 125.26741356,
            "rmsSizeY": 13.41640786,
            "rmsSpread": 0.00089,
            "verticalAlpha": -0.9,
            "verticalBeta": 22.5,
            "verticalDispersion": 0,
            "verticalDispersionDerivative": 0,
            "verticalEmittance": 0.008,
            "xxprX": -10.85177,
            "xxprY": 0.0072
        },
        "electronBeamPosition": {
            "drift": 0,
            "driftCalculationMethod": "auto",
            "horizontalAngle": 0,
            "horizontalPosition": 0,
            "verticalAngle": 0,
            "verticalPosition": 0
        },
        "exportRsOpt": {
            "elements": [],
            "numCores": 4,
            "numSamples": 100,
            "numWorkers": 1,
            "scanType": "random",
            "totalSamples": 100
        },
        "fluxAnimation": {
            "azimuthalPrecision": 1,
            "distanceFromSource": 20,
            "finalEnergy": 20000,
            "finalHarmonic": 15,
            "fluxType": 1,
            "horizontalApertureSize": "1",
            "horizontalPosition": 0,
            "initialEnergy": 10000,
            "initialHarmonic": 1,
            "longitudinalPrecision": 1,
            "magneticField": 2,
            "method": 1,
            "notes": "",
            "numberOfMacroElectrons": 100000,
            "photonEnergyPointCount": 1000,
            "plotScale": "linear",
            "polarization": 6,
            "precision": 0.01,
            "verticalApertureSize": "1",
            "verticalPosition": 0
        },
        "fluxReport": {
            "azimuthalPrecision": 1,
            "distanceFromSource": 20,
            "finalEnergy": 20000,
            "finalHarmonic": 15,
            "fluxType": 1,
            "horizontalApertureSize": "1",
            "horizontalPosition": 0,
            "initialEnergy": "100",
            "initialHarmonic": 1,
            "longitudinalPrecision": 1,
            "magneticField": 1,
            "method": -1,
            "notes": "",
            "numberOfMacroElectrons": 1,
            "photonEnergyPointCount": 10000,
            "plotScale": "linear",
            "polarization": 6,
            "precision": 0.01,
            "verticalApertureSize": "1",
            "verticalPosition": 0
        },
        "gaussianBeam": {
            "energyPerPulse": "0.001",
            "photonEnergy": "9000",
            "polarization": 1,
            "rmsDivergenceX": 0,
            "rmsDivergenceY": 0,
            "rmsPulseDuration": 0.1,
            "rmsSizeX": "9.78723",
            "rmsSizeY": "9.78723",
            "sizeDefinition": "1",
            "waistAngleX": 0,
            "waistAngleY": 0,
            "waistX": 0,
            "waistY": 0,
            "waistZ": 0
        },
        "initialIntensityReport": {
            "_super": "_INTENSITY_REPORT",
            "aspectRatio": "1",
            "characteristic": 0,
            "colorMap": "grayscale",
            "copyCharacteristic": "0",
            "horizontalOffset": 0,
            "horizontalSize": 20,
            "intensityPlotsWidth": "0",
            "maxIntensityLimit": 866043559936,
            "minIntensityLimit": 335347712000,
            "notes": "",
            "plotScale": "linear",
            "polarization": 6,
            "precision": 0.01,
            "rotateAngle": 0,
            "rotateReshape": "1",
            "useIntensityLimits": "0",
            "usePlotRange": "0",
            "verticalOffset": -2.1684043449710089e-16,
            "verticalSize": 2.9999999999999996
        },
        "intensityReport": {
            "distanceFromSource": 20,
            "fieldUnits": "1",
            "finalEnergy": "20000",
            "horizontalPosition": "0",
            "initialEnergy": "100",
            "magneticField": "1",
            "method": "2",
            "notes": "",
            "photonEnergyPointCount": 10000,
            "plotScale": "linear",
            "polarization": 6,
            "precision": 0.01,
            "verticalPosition": 0
        },
        "mirrorReport": {
            "grazingAngle": 3.1415926,
            "heightAmplification": 1,
            "heightProfileFile": "mirror_1d.dat",
            "horizontalTransverseSize": 1,
            "id": 3,
            "intensityPlotsWidth": "0",
            "notes": "",
            "orientation": "x",
            "plotScale": "linear",
            "position": 12.3,
            "title": "M2",
            "type": "mirror",
            "verticalTransverseSize": 1
        },
        "multiElectronAnimation": {
            "_super": "_INTENSITY_REPORT",
            "aspectRatio": "1",
            "calcCoherence": "0",
            "colorMap": "grayscale",
            "horizontalOffset": 0,
            "horizontalPosition": 0,
            "horizontalRange": "0.4",
            "horizontalSize": 1,
            "integrationMethod": "0",
            "intensityPlotsScale": "linear",
            "intensityPlotsWidth": "0",
            "jobRunMode": "parallel",
            "maxIntensityLimit": 1e+30,
            "minIntensityLimit": 0,
            "notes": "",
            "numberOfMacroElectrons": 100000,
            "photonEnergyBandWidth": 0,
            "plotScale": "linear",
            "rotateAngle": 0,
            "rotateReshape": "1",
            "sbatchCores": 128,
            "sbatchHours": 0.4,
            "sbatchProject": "",
            "sbatchQueue": "debug",
            "stokesParameter": "0",
            "useIntensityLimits": "0",
            "usePlotRange": "0",
            "verticalOffset": 0,
            "verticalPosition": 0,
            "verticalRange": "0.6",
            "verticalSize": 1,
            "watchpointId": 15
        },
        "multipole": {
            "bx": 0,
            "by": 0.4,
            "length": 3,
            "order": 1
        },
        "panelState": {
            "hidden": [
                "watchpointReport12",
                "watchpointReport22",
                "watchpointReport20",
                "watchpointReport21",
                "sourceIntensityReport"
            ]
        },
        "postPropagation": [
            0,
            0,
            1,
            0,
            0,
            1,
            1,
            1,
            1,
            0,
            0,
            0,
            0,
            0,
            0,
            0,
            0
        ],
        "powerDensityReport": {
            "_super": "_INTENSITY_REPORT",
            "aspectRatio": "1",
            "colorMap": "grayscale",
            "distanceFromSource": 10.5,
            "horizontalOffset": 0,
            "horizontalPointCount": 100,
            "horizontalPosition": "0",
            "horizontalRange": "15",
            "horizontalSize": 15,
            "intensityPlotsWidth": "0",
            "maxIntensityLimit": 0.796322226524353,
            "method": 1,
            "minIntensityLimit": 0.0008935362566262484,
            "notes": "",
            "plotScale": "linear",
            "precision": "1",
            "rotateAngle": 0,
            "rotateReshape": "1",
            "useIntensityLimits": "0",
            "usePlotRange": "0",
            "verticalOffset": 0,
            "verticalPointCount": 100,
            "verticalPosition": 0,
            "verticalRange": "15",
            "verticalSize": 15
        },
        "propagation": {
            "11": [
                [
                    0,
                    0,
                    1,
                    0,
                    0,
                    1.3,
                    20,
                    1.5,
                    5,
                    0,
                    0,
                    0,
                    0,
                    0,
                    0,
                    0,
                    0
                ],
                [
                    0,
                    0,
                    1,
                    1,
                    0,
                    1,
                    1,
                    1,
                    1,
                    0,
                    0,
                    0,
                    0,
                    0,
                    0,
                    0,
                    0
                ]
            ],
            "13": [
                [
                    0,
                    0,
                    1,
                    0,
                    0,
                    1,
                    1,
                    1,
                    1,
                    0,
                    0,
                    0,
                    0,
                    0,
                    0,
                    0,
                    0
                ],
                [
                    0,
                    0,
                    1,
                    1,
                    0,
                    1,
                    1,
                    1,
                    1,
                    0,
                    0,
                    0,
                    0,
                    0,
                    0,
                    0,
                    0
                ]
            ],
            "14": [
                [
                    0,
                    0,
                    1,
                    0,
                    0,
                    1,
                    1,
                    1,
                    1,
                    0,
                    0,
                    0,
                    0,
                    0,
                    0,
                    0,
                    0
                ],
                [
                    0,
                    0,
                    1,
                    1,
                    0,
                    1,
                    1,
                    1,
                    1,
                    0,
                    0,
                    0,
                    0,
                    0,
                    0,
                    0,
                    0
                ]
            ],
            "15": [
                [
                    0,
                    0,
                    1,
                    0,
                    0,
                    1,
                    1,
                    1,
                    1,
                    0,
                    0,
                    0,
                    0,
                    0,
                    0,
                    0,
                    0
                ],
                [
                    0,
                    0,
                    1,
                    1,
                    0,
                    1,
                    1,
                    1,
                    1,
                    0,
                    0,
                    0,
                    0,
                    0,
                    0,
                    0,
                    0
                ]
            ],
            "16": [
                [
                    0,
                    0,
                    1,
                    0,
                    0,
                    1,
                    1,
                    1,
                    1,
                    0,
                    0,
                    0,
                    0,
                    0,
                    0,
                    0,
                    0
                ],
                [
                    0,
                    0,
                    1,
                    1,
                    0,
                    1,
                    1,
                    1,
                    1,
                    0,
                    0,
                    0,
                    0,
                    0,
                    0,
                    0,
                    0
                ]
            ],
            "3": [
                [
                    0,
                    0,
                    1,
                    0,
                    0,
                    1,
                    1,
                    1,
                    1,
                    0,
                    0,
                    0,
                    0,
                    0,
                    0,
                    0,
                    0
                ],
                [
                    0,
                    0,
                    1,
                    1,
                    0,
                    1,
                    1,
                    1,
                    1,
                    0,
                    0,
                    0,
                    0,
                    0,
                    0,
                    0,
                    0
                ]
            ],
            "4": [
                [
                    0,
                    0,
                    1,
                    "1",
                    0,
                    1,
                    1,
                    1,
                    1,
                    0,
                    0,
                    0,
                    0,
                    0,
                    0,
                    0,
                    0
                ],
                [
                    0,
                    0,
                    1,
                    1,
                    0,
                    1,
                    1,
                    1,
                    1,
                    0,
                    0,
                    0,
                    0,
                    0,
                    0,
                    0,
                    0
                ]
            ],
            "5": [
                [
                    0,
                    0,
                    1,
                    0,
                    0,
                    1,
                    1,
                    1,
                    1,
                    0,
                    0,
                    0,
                    0,
                    0,
                    0,
                    0,
                    0
                ],
                [
                    0,
                    0,
                    1,
                    1,
                    0,
                    1,
                    1,
                    1,
                    1,
                    0,
                    0,
                    0,
                    0,
                    0,
                    0,
                    0,
                    0
                ]
            ],
            "6": [
                [
                    0,
                    0,
                    1,
                    0,
                    0,
                    1,
                    1,
                    1,
                    1,
                    0,
                    0,
                    0,
                    0,
                    0,
                    0,
                    0,
                    0
                ],
                [
                    0,
                    0,
                    1,
                    1,
                    0,
                    1,
                    1,
                    1,
                    1,
                    0,
                    0,
                    0,
                    0,
                    0,
                    0,
                    0,
                    0
                ]
            ],
            "8": [
                [
                    0,
                    0,
                    1,
                    0,
                    0,
                    1,
                    1,
                    1,
                    1,
                    0,
                    0,
                    0,
                    0,
                    0,
                    0,
                    0,
                    0
                ],
                [
                    0,
                    0,
                    1,
                    1,
                    0,
                    1,
                    1,
                    1,
                    1,
                    0,
                    0,
                    0,
                    0,
                    0,
                    0,
                    0,
                    0
                ]
            ],
            "9": [
                [
                    0,
                    0,
                    1,
                    0,
                    0,
                    1,
                    1,
                    1,
                    1,
                    0,
                    0,
                    0,
                    0,
                    0,
                    0,
                    0,
                    0
                ],
                [
                    0,
                    0,
                    1,
                    1,
                    0,
                    1,
                    1,
                    1,
                    1,
                    0,
                    0,
                    0,
                    0,
                    0,
                    0,
                    0,
                    0
                ]
            ]
        },
        "simulation": {
            "distanceFromSource": 10,
            "documentationUrl": "",
            "fieldUnits": 1,
            "folder": "/TES",
            "framesCleared": false,
            "horizontalPointCount": 20,
            "horizontalPosition": 0,
            "horizontalRange": 20,
            "isExample": false,
            "lastModified": 1631629938939,
            "name": "TES",
            "notes": "",
            "outOfSessionSimulationId": "ReJMAvC6",
            "photonEnergy": 2500,
            "sampleFactor": 0.02,
            "samplingMethod": "1",
            "simulationId": "nKfltjkw",
            "simulationSerial": 1631629938941056,
            "sourceType": "m",
            "verticalPointCount": 20,
            "verticalPosition": 0,
            "verticalRange": 3
        },
        "sourceIntensityReport": {
            "_super": "_INTENSITY_REPORT",
            "aspectRatio": "1",
            "characteristic": 0,
            "colorMap": "grayscale",
            "distanceFromSource": 10.5,
            "fieldUnits": 1,
            "finalPosition": 0,
            "horizontalOffset": 0,
            "horizontalPointCount": 100,
            "horizontalPosition": 0,
            "horizontalRange": 20,
            "horizontalSize": 5,
            "initialPosition": 0,
            "intensityPlotsWidth": "0",
            "magneticField": 1,
            "maxIntensityLimit": 799002066944,
            "method": "1",
            "minIntensityLimit": 442264027136,
            "notes": "",
            "photonEnergy": 2000,
            "plotScale": "linear",
            "polarization": 6,
            "precision": 0.01,
            "rotateAngle": 0,
            "rotateReshape": "1",
            "sampleFactor": 0.1,
            "samplingMethod": 1,
            "useIntensityLimits": "0",
            "usePlotRange": "0",
            "verticalOffset": 0,
            "verticalPointCount": 100,
            "verticalPosition": 0,
            "verticalRange": 10,
            "verticalSize": 3
        },
        "tabulatedUndulator": {
            "gap": 6.72,
            "id": "WnIn3rCe 1",
            "indexFileName": "",
            "magneticFile": "magnetic_measurements.zip",
            "name": "Undulator 1",
            "phase": 0,
            "undulatorSelector": "Undulator 1",
            "undulatorType": "u_t"
        },
        "trajectoryReport": {
            "finalTimeMoment": 0,
            "initialTimeMoment": 0,
            "magneticField": "2",
            "notes": "",
            "numberOfPoints": 10000,
            "plotAxisX": "Z",
            "plotAxisY": "X",
            "plotAxisY2": "None",
            "timeMomentEstimation": "auto"
        },
        "undulator": {
            "effectiveDeflectingParameter": 1.65776086,
            "horizontalAmplitude": "0",
            "horizontalDeflectingParameter": 0,
            "horizontalInitialPhase": 0,
            "horizontalSymmetry": 1,
            "length": 3,
            "longitudinalPosition": 0,
            "period": "20",
            "verticalAmplitude": "0.88770981",
            "verticalDeflectingParameter": 1.65776086,
            "verticalInitialPhase": 0,
            "verticalSymmetry": -1
        },
        "watchpointReport15": {
            "_super": "_INTENSITY_REPORT",
            "aspectRatio": "1",
            "characteristic": 0,
            "colorMap": "grayscale",
            "copyCharacteristic": "0",
            "fieldUnits": 1,
            "horizontalOffset": -0.010671515692462982,
            "horizontalSize": 27.41384476451465,
            "intensityPlotsScale": "linear",
            "intensityPlotsWidth": "0",
            "maxIntensityLimit": 1216790134784,
            "minIntensityLimit": 2.9112432950451073e-13,
            "notes": "",
            "plotScale": "linear",
            "polarization": 6,
            "precision": 0.01,
            "rotateAngle": 0,
            "rotateReshape": "1",
            "useIntensityLimits": "0",
            "usePlotRange": "0",
            "verticalOffset": 0.0402537414821956,
            "verticalSize": 26.486961895285866
        },
        "watchpointReport16": {
            "_super": "_INTENSITY_REPORT",
            "aspectRatio": "1",
            "characteristic": 0,
            "colorMap": "grayscale",
            "copyCharacteristic": "0",
            "fieldUnits": 1,
            "horizontalOffset": 0.012420863680959453,
            "horizontalSize": 0.4814138757223422,
            "intensityPlotsScale": "linear",
            "intensityPlotsWidth": "0",
            "maxIntensityLimit": 93559738859520,
            "minIntensityLimit": 0,
            "notes": "",
            "plotScale": "linear",
            "polarization": 6,
            "precision": 0.01,
            "rotateAngle": 0,
            "rotateReshape": "1",
            "useIntensityLimits": "0",
            "usePlotRange": "0",
            "verticalOffset": 0.0396008964854179,
            "verticalSize": 26.057389887404913
        }
    },
    "rsmanifest": {
        "image": {
            "git_commit": "8e71e61c04795a52dc6ff309158d58eab263d943",
            "git_remote_origin_url": "https://github.com/radiasoft/sirepo",
            "name": "radiasoft/sirepo",
            "type": "docker",
            "uri": "https://registry.hub.docker.com/radiasoft/sirepo:20210831.151744",
            "version": "20210831.151744"
        },
        "version": "20190612.150000"
    },
    "simulationType": "srw",
    "version": "20210831.151122"
}
