{
    "models": {
        "beamline": [
            {
                "horizontalOffset": 0,
                "horizontalSize": 0.1,
                "id": 2,
                "position": 20,
                "shape": "r",
                "title": "Aperture",
                "type": "aperture",
                "verticalOffset": 0,
                "verticalSize": 0.1
            },
            {
                "id": 3,
                "position": 21,
                "title": "Watchpoint",
                "type": "watch"
            }
        ],
        "brillianceReport": {
            "detuning": 0,
            "energyPointCount": 100,
            "finalHarmonic": 5,
            "initialHarmonic": 1,
            "minDeflection": 0.2,
            "reportType": "0"
        },
        "electronBeam": {
            "beamDefinition": "t",
            "beamSelector": "NSLS-II Low Beta Final",
            "current": 0.5,
            "energy": 3,
            "energyDeviation": 0,
            "horizontalAlpha": 0,
            "horizontalBeta": 2.02,
            "horizontalDispersion": 0,
            "horizontalDispersionDerivative": 0,
            "horizontalEmittance": 0.55,
            "isReadOnly": true,
            "name": "NSLS-II Low Beta Final",
            "rmsDivergX": 16.50082506188016,
            "rmsDivergY": 2.7472112789737806,
            "rmsSizeX": 33.33166662499792,
            "rmsSizeY": 2.9120439557122078,
            "rmsSpread": 0.00089,
            "verticalAlpha": 0,
            "verticalBeta": 1.06,
            "verticalDispersion": 0,
            "verticalDispersionDerivative": 0,
            "verticalEmittance": 0.008,
            "xxprX": 0,
            "xxprY": 0
        },
        "electronBeamPosition": {
            "drift": -1.54,
            "driftCalculationMethod": "auto",
            "horizontalAngle": 0,
            "horizontalPosition": 0,
            "verticalAngle": 0,
            "verticalPosition": 0
        },
        "fluxAnimation": {
            "azimuthalPrecision": 1,
            "distanceFromSource": 20,
            "finalEnergy": 20000,
            "finalHarmonic": 15,
            "fluxType": 1,
            "horizontalApertureSize": "1",
            "horizontalPosition": 0,
            "initialEnergy": 10000,
            "initialHarmonic": 1,
            "longitudinalPrecision": 1,
            "magneticField": 2,
            "method": 1,
            "numberOfMacroElectrons": 100000,
            "photonEnergyPointCount": 1000,
            "polarization": 6,
            "precision": 0.01,
            "verticalApertureSize": "1",
            "verticalPosition": 0
        },
        "fluxReport": {
            "azimuthalPrecision": 1,
            "distanceFromSource": 20,
            "finalEnergy": 20000,
            "finalHarmonic": 15,
            "fluxType": 1,
            "horizontalApertureSize": "1",
            "horizontalPosition": 0,
            "initialEnergy": "100",
            "initialHarmonic": 1,
            "longitudinalPrecision": 1,
            "magneticField": 1,
            "method": -1,
            "numberOfMacroElectrons": 1,
            "photonEnergyPointCount": 10000,
            "polarization": 6,
            "precision": 0.01,
            "verticalApertureSize": "1",
            "verticalPosition": 0
        },
        "gaussianBeam": {
            "energyPerPulse": "0.001",
            "photonEnergy": "9000",
            "polarization": 1,
            "rmsDivergenceX": "0.054813",
            "rmsDivergenceY": "0.054813",
            "rmsPulseDuration": 0.1,
            "rmsSizeX": 200,
            "rmsSizeY": 200,
            "sizeDefinition": "1",
            "waistAngleX": 0,
            "waistAngleY": 0,
            "waistX": 0,
            "waistY": 0,
            "waistZ": 0
        },
        "initialIntensityReport": {
            "characteristic": 0,
            "colorMap": "grayscale",
            "fieldUnits": 1,
            "intensityPlotsScale": "linear",
            "intensityPlotsWidth": "0",
            "polarization": 6,
            "precision": 0.01
        },
        "intensityReport": {
            "distanceFromSource": 20,
            "fieldUnits": "1",
            "finalEnergy": "20000",
            "horizontalPosition": "0",
            "initialEnergy": "100",
            "magneticField": "1",
            "method": "1",
            "photonEnergyPointCount": 10000,
            "polarization": 6,
            "precision": 0.01,
            "verticalPosition": 0
        },
        "mirrorReport": {
            "intensityPlotsScale": "linear",
            "intensityPlotsWidth": "0"
        },
        "multiElectronAnimation": {
            "colorMap": "grayscale",
            "horizontalPosition": 0,
            "horizontalRange": "0.4",
            "intensityPlotsScale": "linear",
            "intensityPlotsWidth": "0",
            "numberOfMacroElectrons": 100000,
            "photonEnergyBandWidth": 0,
            "stokesParameter": "0",
            "verticalPosition": 0,
            "verticalRange": "0.6"
        },
        "multipole": {
            "distribution": "n",
            "field": 0.4,
            "length": 3,
            "order": 1
        },
        "postPropagation": [
            0,
            0,
            1,
            0,
            0,
            1,
            1,
            1,
            1,
            0,
            0,
            0,
            0,
            0,
            0,
            0,
            0
        ],
        "powerDensityReport": {
            "colorMap": "grayscale",
            "distanceFromSource": 20,
            "horizontalPointCount": 100,
            "horizontalPosition": "0",
            "horizontalRange": "15",
            "intensityPlotsScale": "linear",
            "intensityPlotsWidth": "0",
            "method": 1,
            "precision": "1",
            "verticalPointCount": 100,
            "verticalPosition": 0,
            "verticalRange": "15"
        },
        "propagation": {
            "2": [
                [
                    0,
                    0,
                    1,
                    0,
                    0,
                    1,
                    1,
                    1,
                    1,
                    0,
                    0,
                    0,
                    0,
                    0,
                    0,
                    0,
                    0
                ],
                [
                    0,
                    0,
                    1,
                    1,
                    0,
                    1,
                    1,
                    1,
                    1,
                    0,
                    0,
                    0,
                    0,
                    0,
                    0,
                    0,
                    0
                ]
            ],
            "3": [
                [
                    0,
                    0,
                    1,
                    0,
                    0,
                    1,
                    1,
                    1,
                    1,
                    0,
                    0,
                    0,
                    0,
                    0,
                    0,
                    0,
                    0
                ],
                [
                    0,
                    0,
                    1,
                    1,
                    0,
                    1,
                    1,
                    1,
                    1,
                    0,
                    0,
                    0,
                    0,
                    0,
                    0,
                    0,
                    0
                ]
            ]
        },
        "simulation": {
            "distanceFromSource": 20,
            "documentationUrl": "",
            "folder": "/Light Source Facilities/LCLS",
            "horizontalPointCount": 100,
            "horizontalPosition": 0,
            "horizontalRange": "0.4",
            "isExample": "",
            "name": "basic",
            "outOfSessionSimulationId": "",
            "photonEnergy": "9000",
            "sampleFactor": 1,
            "samplingMethod": 1,
            "simulationId": "6JLvWbzP",
            "simulationSerial": 1523546285877971,
            "sourceType": "g",
            "verticalPointCount": 100,
            "verticalPosition": 0,
            "verticalRange": "0.6"
        },
        "sourceIntensityReport": {
            "characteristic": 0,
            "colorMap": "grayscale",
            "distanceFromSource": 20,
            "fieldUnits": 1,
            "horizontalPointCount": 100,
            "horizontalPosition": 0,
            "horizontalRange": "0.4",
            "intensityPlotsScale": "linear",
            "intensityPlotsWidth": "0",
            "photonEnergy": "9000",
            "polarization": 6,
            "precision": 0.01,
            "sampleFactor": 1,
            "samplingMethod": 1,
            "verticalPointCount": 100,
            "verticalPosition": 0,
            "verticalRange": "0.6"
        },
        "tabulatedUndulator": {
            "gap": 6.72,
            "id": "6JLvWbzP 1",
            "indexFileName": "",
            "magneticFile": "magnetic_measurements.zip",
            "name": "Undulator 22",
            "phase": 0,
            "undulatorSelector": "Undulator 22",
            "undulatorType": "u_t"
        },
        "trajectoryReport": {
            "finalTimeMoment": 0,
            "initialTimeMoment": 0,
            "magneticField": "2",
            "numberOfPoints": 10000,
            "plotAxisX": "Z",
            "plotAxisY": "X",
            "plotAxisY2": "None",
            "timeMomentEstimation": "auto"
        },
        "undulator": {
            "effectiveDeflectingParameter": 1.65776086,
            "horizontalAmplitude": "0",
            "horizontalDeflectingParameter": 0,
            "horizontalInitialPhase": 0,
            "horizontalSymmetry": 1,
            "length": 3,
            "longitudinalPosition": 0,
            "period": "20",
            "verticalAmplitude": "0.88770981",
            "verticalDeflectingParameter": 1.65776086,
            "verticalInitialPhase": 0,
            "verticalSymmetry": -1
        },
        "watchpointReport3": {
            "characteristic": 0,
            "colorMap": "viridis",
            "fieldUnits": "1",
            "intensityPlotsScale": "linear",
            "intensityPlotsWidth": "0",
            "polarization": 6,
            "precision": 0.01
        }
    },
    "report": "initialIntensityReport",
    "simulationType": "srw",
    "version": "20180410.000000"
}