{
    "models": {
        "beamStatisticsReport": {
            "driftDivisions": 100,
            "epsilon": 1e-06,
            "notes": "",
            "y1": "sigmax",
            "y2": "sigmaz",
            "y3": "none"
        },
        "beamline": [
            {
                "horizontalOffset": 0,
                "horizontalSize": 25,
                "id": 1,
                "position": 10,
                "shape": "0",
                "title": "Aperture",
                "type": "aperture",
                "verticalOffset": 0,
                "verticalSize": 4
            },
            {
                "_super": "_MISALIGNED_ELEMENT",
                "alpha": 0,
                "axmaj": 0,
                "axmin": 0,
                "cil_ang": 0,
                "ell_the": 0,
                "externalOutlineMajorAxis": 0,
                "externalOutlineMinorAxis": 0,
                "f_convex": "0",
                "f_default": "0",
                "f_ext": "1",
                "f_refl": "0",
                "f_reflec": "0",
                "f_side": "0",
                "f_thick": "0",
                "f_torus": "0",
                "fcyl": "1",
                "fhit_c": "1",
                "fmirr": "1",
                "fshape": "1",
                "halfLengthY1": 406500,
                "halfLengthY2": 406500,
                "halfWidthX1": 40000,
                "halfWidthX2": 40000,
                "id": 2,
                "internalOutlineMajorAxis": 0,
                "internalOutlineMinorAxis": 0,
                "mlayerBilayerNumber": 70,
                "mlayerBilayerThickness": 33.1,
                "mlayerEvenRoughness": 3.3,
                "mlayerEvenSublayerDensity": 2.4,
                "mlayerEvenSublayerMaterial": "B4C",
                "mlayerGammaRatio": 0.483,
                "mlayerOddRoughness": 3.1,
                "mlayerOddSublayerDensity": 9.4,
                "mlayerOddSublayerMaterial": "Ru",
                "mlayerSubstrateDensity": 2.33,
                "mlayerSubstrateMaterial": "Si",
                "offx": 0,
                "offy": 0,
                "offz": 0,
                "param": 0,
                "position": 11,
                "prereflDensity": 0.124,
                "prereflElement": "Rh",
                "prereflStep": 100,
                "r_maj": 0,
                "r_min": 0,
                "reflectivityMaxEnergy": 55000,
                "reflectivityMinEnergy": 5000,
                "rmirr": 2700000,
                "simag": 0.03,
                "ssour": 0.01,
                "t_incidence": 89.61038869931105,
                "theta": 89.61038869931105,
                "title": "CM",
                "type": "mirror",
                "x_rot": 0,
                "y_rot": 0,
                "z_rot": 0
            },
            {
                "_super": "_MISALIGNED_ELEMENT",
                "a_bragg": 0,
                "alpha": 0,
                "axmaj": 0,
                "axmin": 0,
                "braggEnergyStep": 50,
                "braggMaterial": "Si",
                "braggMaxEnergy": 3000,
                "braggMillerH": "1",
                "braggMillerK": "1",
                "braggMillerL": "1",
                "braggMinEnergy": 2000,
                "braggTemperaturFactor": 1,
                "cil_ang": 0,
                "ell_the": 0,
                "externalOutlineMajorAxis": 0,
                "externalOutlineMinorAxis": 0,
                "f_bragg_a": "0",
                "f_central": "1",
                "f_convex": "0",
                "f_default": "1",
                "f_ext": "0",
                "f_johansson": "0",
                "f_mosaic": "0",
                "f_phot_cent": "0",
                "f_refrac": "0",
                "f_side": "0",
                "f_torus": "0",
                "fcyl": "1",
                "fhit_c": "0",
                "fmirr": "5",
                "fshape": "1",
                "halfLengthY1": 0,
                "halfLengthY2": 0,
                "halfWidthX1": 0,
                "halfWidthX2": 0,
                "id": 3,
                "internalOutlineMajorAxis": 0,
                "internalOutlineMinorAxis": 0,
                "mosaic_seed": 4732094,
                "offx": 0,
                "offy": 0,
                "offz": 0,
                "order": 0,
                "param": 0,
                "phot_cent": 2500,
                "position": 25,
                "r_johansson": 0,
                "r_lambda": 5000,
                "r_maj": 0,
                "r_min": 0,
                "rmirr": 16.551,
                "simag": 0.03,
                "spread_mos": 0.4,
                "ssour": 0.01,
                "t_incidence": 35,
                "t_reflection": 35,
                "theta": 35,
                "thickness": 0.01,
                "title": "Mono Crystal 1",
                "type": "crystal",
                "x_rot": 0,
                "y_rot": 0,
                "z_rot": 0
            },
            {
                "_super": "_MISALIGNED_ELEMENT",
                "a_bragg": 0,
                "alpha": 180,
                "axmaj": 0,
                "axmin": 0,
                "braggEnergyStep": 50,
                "braggMaterial": "Si",
                "braggMaxEnergy": 3000,
                "braggMillerH": "1",
                "braggMillerK": "1",
                "braggMillerL": "1",
                "braggMinEnergy": 2000,
                "braggTemperaturFactor": 1,
                "cil_ang": 0,
                "ell_the": 0,
                "externalOutlineMajorAxis": 0,
                "externalOutlineMinorAxis": 0,
                "f_bragg_a": "0",
                "f_central": "1",
                "f_convex": "0",
                "f_default": "1",
                "f_ext": "0",
                "f_johansson": "0",
                "f_mosaic": "0",
                "f_phot_cent": "0",
                "f_refrac": "0",
                "f_side": "0",
                "f_torus": "0",
                "fcyl": "1",
                "fhit_c": "0",
                "fmirr": "5",
                "fshape": "1",
                "halfLengthY1": 0,
                "halfLengthY2": 0,
                "halfWidthX1": 0,
                "halfWidthX2": 0,
                "id": 4,
                "internalOutlineMajorAxis": 0,
                "internalOutlineMinorAxis": 0,
                "mosaic_seed": 4732094,
                "offx": 0,
                "offy": 0,
                "offz": 0,
                "order": 0,
                "param": 0,
                "phot_cent": 2500,
                "position": 25,
                "r_johansson": 0,
                "r_lambda": 5000,
                "r_maj": 0,
                "r_min": 0,
                "rmirr": 16.551,
                "simag": 0.03,
                "spread_mos": 0.4,
                "ssour": 0.01,
                "t_incidence": 35,
                "t_reflection": 35,
                "theta": 35,
                "thickness": 0.01,
                "title": "Mono Crystal 2",
                "type": "crystal",
                "x_rot": 0,
                "y_rot": 0,
                "z_rot": 0
            },
            {
                "alpha": "180",
                "id": 5,
                "position": 25,
                "title": "Reset Orientation",
                "type": "emptyElement"
            },
            {
                "_super": "_MISALIGNED_ELEMENT",
                "alpha": 0,
                "axmaj": 0,
                "axmin": 0,
                "cil_ang": 0,
                "ell_the": 0,
                "externalOutlineMajorAxis": 0,
                "externalOutlineMinorAxis": 0,
                "f_convex": "0",
                "f_default": "0",
                "f_ext": "1",
                "f_refl": "0",
                "f_reflec": "0",
                "f_side": "0",
                "f_thick": "0",
                "f_torus": "0",
                "fcyl": "1",
                "fhit_c": "1",
                "fmirr": "3",
                "fshape": "1",
                "halfLengthY1": 480,
                "halfLengthY2": 480,
                "halfWidthX1": 40,
                "halfWidthX2": 40,
                "id": 6,
                "internalOutlineMajorAxis": 0,
                "internalOutlineMinorAxis": 0,
                "mlayerBilayerNumber": 70,
                "mlayerBilayerThickness": 33.1,
                "mlayerEvenRoughness": 3.3,
                "mlayerEvenSublayerDensity": 2.4,
                "mlayerEvenSublayerMaterial": "B4C",
                "mlayerGammaRatio": 0.483,
                "mlayerOddRoughness": 3.1,
                "mlayerOddSublayerDensity": 9.4,
                "mlayerOddSublayerMaterial": "Ru",
                "mlayerSubstrateDensity": 2.33,
                "mlayerSubstrateMaterial": "Si",
                "offx": 0,
                "offy": 0,
                "offz": 0,
                "param": 0,
                "position": 26.57,
                "prereflDensity": 0.124,
                "prereflElement": "Rh",
                "prereflStep": 100,
                "r_maj": 24500,
                "r_min": 0.186,
                "reflectivityMaxEnergy": 55000,
                "reflectivityMinEnergy": 5000,
                "rmirr": 16.551,
                "simag": 0.03,
                "ssour": 0.01,
                "t_incidence": 89.59892954340842,
                "theta": 89.59892954340842,
                "title": "Toroid",
                "type": "mirror",
                "x_rot": 0,
                "y_rot": 0,
                "z_rot": 0
            },
            {
                "horizontalOffset": 0,
                "horizontalSize": 0.2,
                "id": 7,
                "position": 53.142,
                "shape": "0",
                "title": "SSA",
                "type": "aperture",
                "verticalOffset": 0,
                "verticalSize": 0.2
            },
            {
                "id": 8,
                "position": 53.142,
                "title": "W8",
                "type": "watch"
            },
            {
                "_super": "_MISALIGNED_ELEMENT",
                "alpha": 90,
                "axmaj": 0,
                "axmin": 0,
                "cil_ang": 0,
                "ell_the": 0,
                "externalOutlineMajorAxis": 0,
                "externalOutlineMinorAxis": 0,
                "f_convex": "0",
                "f_default": "0",
                "f_ext": "0",
                "f_refl": "0",
                "f_reflec": "0",
                "f_side": "0",
                "f_thick": "0",
                "f_torus": "0",
                "fcyl": "1",
                "fhit_c": "1",
                "fmirr": "2",
                "fshape": "1",
                "halfLengthY1": 160,
                "halfLengthY2": 160,
                "halfWidthX1": 10,
                "halfWidthX2": 10,
                "id": 9,
                "internalOutlineMajorAxis": 0,
                "internalOutlineMinorAxis": 0,
                "mlayerBilayerNumber": 70,
                "mlayerBilayerThickness": 33.1,
                "mlayerEvenRoughness": 3.3,
                "mlayerEvenSublayerDensity": 2.4,
                "mlayerEvenSublayerMaterial": "B4C",
                "mlayerGammaRatio": 0.483,
                "mlayerOddRoughness": 3.1,
                "mlayerOddSublayerDensity": 9.4,
                "mlayerOddSublayerMaterial": "Ru",
                "mlayerSubstrateDensity": 2.33,
                "mlayerSubstrateMaterial": "Si",
                "offx": 0,
                "offy": 0,
                "offz": 0,
                "param": 0,
                "position": 56.715,
                "prereflDensity": 0.124,
                "prereflElement": "Rh",
                "prereflStep": 100,
                "r_maj": 0,
                "r_min": 0,
                "reflectivityMaxEnergy": 55000,
                "reflectivityMinEnergy": 5000,
                "rmirr": 16.551,
                "simag": 0.427,
                "ssour": 3.573,
                "t_incidence": 89.79373519375291,
                "theta": 89.79373519375291,
                "title": "KBH",
                "type": "mirror",
                "x_rot": 0,
                "y_rot": 0,
                "z_rot": 0
            },
            {
                "alpha": "270",
                "id": 10,
                "position": 56.715,
                "title": "Reset Orientation",
                "type": "emptyElement"
            },
            {
                "_super": "_MISALIGNED_ELEMENT",
                "alpha": 90,
                "axmaj": 0,
                "axmin": 0,
                "cil_ang": 0,
                "ell_the": 0,
                "externalOutlineMajorAxis": 0,
                "externalOutlineMinorAxis": 0,
                "f_convex": "0",
                "f_default": "0",
                "f_ext": "0",
                "f_refl": "0",
                "f_reflec": "0",
                "f_side": "0",
                "f_thick": "0",
                "f_torus": "0",
                "fcyl": "1",
                "fhit_c": "1",
                "fmirr": "2",
                "fshape": "1",
                "halfLengthY1": 90,
                "halfLengthY2": 90,
                "halfWidthX1": 10,
                "halfWidthX2": 10,
                "id": 11,
                "internalOutlineMajorAxis": 0,
                "internalOutlineMinorAxis": 0,
                "mlayerBilayerNumber": 70,
                "mlayerBilayerThickness": 33.1,
                "mlayerEvenRoughness": 3.3,
                "mlayerEvenSublayerDensity": 2.4,
                "mlayerEvenSublayerMaterial": "B4C",
                "mlayerGammaRatio": 0.483,
                "mlayerOddRoughness": 3.1,
                "mlayerOddSublayerDensity": 9.4,
                "mlayerOddSublayerMaterial": "Ru",
                "mlayerSubstrateDensity": 2.33,
                "mlayerSubstrateMaterial": "Si",
                "offx": 0,
                "offy": 0,
                "offz": 0,
                "param": 0,
                "position": 56.972,
                "prereflDensity": 0.124,
                "prereflElement": "Rh",
                "prereflStep": 100,
                "r_maj": 0,
                "r_min": 0,
                "reflectivityMaxEnergy": 55000,
                "reflectivityMinEnergy": 5000,
                "rmirr": 16.551,
                "simag": 0.17,
                "ssour": 3.83,
                "t_incidence": 89.79373519375291,
                "theta": 89.79373519375291,
                "title": "KBV",
                "type": "mirror",
                "x_rot": 0,
                "y_rot": 0,
                "z_rot": 0
            },
            {
                "alpha": "270",
                "id": 12,
                "position": 56.972,
                "title": "Reset Orientation",
                "type": "emptyElement"
            },
            {
                "id": 13,
                "position": 57.142,
                "title": "W9",
                "type": "watch"
            }
        ],
        "bendingMagnet": {
            "calculateFieldMethod": "radius",
            "fdistr": "4",
            "magneticField": 0.8002189024183939,
            "ph1": 2500,
            "ph2": 2500.001,
            "r_magnet": 25.0173071398614
        },
        "electronBeam": {
            "bener": 3,
            "epsi_dx": 0,
            "epsi_dz": 0,
            "epsi_x": 0.55,
            "epsi_z": 0.008,
            "f_pol": "3",
            "sigmax": 125.26741356,
            "sigmaz": 13.41640786
        },
        "geometricSource": {
            "cone_max": 0,
            "cone_min": 0,
            "f_coher": "0",
            "f_color": "3",
            "f_polar": "1",
            "fdistr": "3",
            "fsour": "3",
            "fsource_depth": "3",
            "ph1": 9998,
            "ph2": 10002,
            "pol_angle": 0,
            "pol_deg": 0,
            "sigdix": 0.0884999972,
            "sigdiz": 0.0071999998,
            "sigmax": 57,
            "sigmay": 10,
            "sigmaz": 10.4,
            "singleEnergyValue": 1000,
            "wxsou": 1.00000001,
            "wysou": 2,
            "wzsou": 2.00000003
        },
        "histogramReport": {
            "column": "6",
            "distanceFromSource": 0,
            "histogramBins": 100,
            "weight": "22"
        },
        "initialIntensityReport": {
            "_super": "_INTENSITY_REPORT",
            "aspectRatio": "1",
            "colorMap": "grayscale",
            "histogramBins": 100,
            "horizontalOffset": 0,
            "horizontalSize": 10,
            "notes": "",
            "overrideSize": "0",
            "verticalOffset": 0,
            "verticalSize": 10,
            "weight": "22",
            "x": "1",
            "y": "3"
        },
        "panelState": {
            "hidden": []
        },
        "plotXYReport": {
            "_super": "_INTENSITY_REPORT",
            "aspectRatio": "1",
            "colorMap": "viridis",
            "distanceFromSource": 10,
            "histogramBins": 100,
            "horizontalOffset": 0,
            "horizontalSize": 10,
            "notes": "",
            "overrideSize": "0",
            "verticalOffset": 0,
            "verticalSize": 10,
            "weight": "22",
            "x": "1",
            "y": "3"
        },
        "rayFilter": {
            "distance": 10,
            "f_bound_sour": "2",
            "x1": -10,
            "x2": 10,
            "z1": -1.5,
            "z2": 1.5
        },
        "simulation": {
            "documentationUrl": "",
            "folder": "/",
            "isExample": false,
            "istar1": 567656,
            "lastModified": 1631629560300,
            "name": "TES (from SRW)",
            "notes": "",
            "npoint": 100000,
            "outOfSessionSimulationId": "TqRavgOQ",
            "simulationId": "K0VS65RJ",
            "simulationSerial": 1631629560313007,
            "sourceType": "bendingMagnet"
        },
        "sourceDivergence": {
            "hdiv1": 0.5,
            "hdiv2": 0.5,
            "vdiv1": 1000,
            "vdiv2": 1000
        },
        "undulator": {
            "emax": 11000,
            "emin": 10000,
            "energy_harmonic": 1,
            "f_coher": "0",
            "flag_size": "1",
            "k_horizontal": 0,
            "k_vertical": 0,
            "length": 3,
            "maxangle": 50,
            "ng_e": 11,
            "ng_j": 20,
            "ng_p": 21,
            "ng_t": 31,
            "period": 20,
            "photon_energy": 10000,
            "select_energy": "harmonic"
        },
        "undulatorBeam": {
            "alpha_x": 0,
            "alpha_y": 0,
            "beta_x": 1.84,
            "beta_y": 1.17,
            "current": 0.1,
            "emittance_x": 0.55,
            "emittance_y": 0.008,
            "energy": 1,
            "energy_spread": 0,
            "eta_x": 0,
            "eta_y": 0,
            "etap_x": 0,
            "etap_y": 0,
            "number_of_bunches": 1
        },
        "watchpointReport13": {
            "_super": "_INTENSITY_REPORT",
            "aspectRatio": "1",
            "colorMap": "grayscale",
            "histogramBins": 100,
            "horizontalOffset": 0,
            "horizontalSize": 10,
            "notes": "",
            "overrideSize": "0",
            "verticalOffset": 0,
            "verticalSize": 10,
            "weight": "22",
            "x": "1",
            "y": "3"
        },
        "watchpointReport8": {
            "_super": "_INTENSITY_REPORT",
            "aspectRatio": "1",
            "colorMap": "grayscale",
            "histogramBins": 100,
            "horizontalOffset": 0,
            "horizontalSize": 10,
            "notes": "",
            "overrideSize": "0",
            "verticalOffset": 0,
            "verticalSize": 10,
            "weight": "22",
            "x": "1",
            "y": "3"
        },
        "wiggler": {
            "b_from": "1",
            "kValue": 19.6,
            "nPer": 1,
            "per": 0.2,
            "ph1": 20000,
            "ph2": 20020,
            "shift_betax_flag": "4",
            "shift_betax_value": 0,
            "shift_x_flag": "4",
            "shift_x_value": 0,
            "trajFile": "SW_3P.txt"
        }
    },
    "rsmanifest": {
        "image": {
            "git_commit": "8e71e61c04795a52dc6ff309158d58eab263d943",
            "git_remote_origin_url": "https://github.com/radiasoft/sirepo",
            "name": "radiasoft/sirepo",
            "type": "docker",
            "uri": "https://registry.hub.docker.com/radiasoft/sirepo:20210831.151744",
            "version": "20210831.151744"
        },
        "version": "20190612.150000"
    },
    "simulationType": "shadow",
    "version": "20210831.151122"
}
